Software Version,3.10.06,,,,,,,,,,,,,,,,,,,,,,,,,,,,,,,,,,,,
,,,,,,,,,,,,,,,,,,,,,,,,,,,,,,,,,,,,,
,,,,,,,,,,,,,,,,,,,,,,,,,,,,,,,,,,,,,
,,,,,,,,,,,,,,,,,,,,,,,,,,,,,,,,,,,,,
Experiment File Path:,C:\Users\Public\Documents\Experiments\Rory\20211114_dnase_assay_lysate.xpt,,,,,,,,,,,,,,,,,,,,,,,,,,,,,,,,,,,,
Protocol File Path:,,,,,,,,,,,,,,,,,,,,,,,,,,,,,,,,,,,,,
,,,,,,,,,,,,,,,,,,,,,,,,,,,,,,,,,,,,,
,,,,,,,,,,,,,,,,,,,,,,,,,,,,,,,,,,,,,
,,,,,,,,,,,,,,,,,,,,,,,,,,,,,,,,,,,,,
Plate Number,Plate 1,,,,,,,,,,,,,,,,,,,,,,,,,,,,,,,,,,,,
Date,11/14/21,,,,,,,,,,,,,,,,,,,,,,,,,,,,,,,,,,,,
Time,5:44:40 PM,,,,,,,,,,,,,,,,,,,,,,,,,,,,,,,,,,,,
Reader Type:,Synergy H1,,,,,,,,,,,,,,,,,,,,,,,,,,,,,,,,,,,,
Reader Serial Number:,2011231C,,,,,,,,,,,,,,,,,,,,,,,,,,,,,,,,,,,,
Reading Type,Reader,,,,,,,,,,,,,,,,,,,,,,,,,,,,,,,,,,,,
,,,,,,,,,,,,,,,,,,,,,,,,,,,,,,,,,,,,,
Procedure Details,,,,,,,,,,,,,,,,,,,,,,,,,,,,,,,,,,,,,
,,,,,,,,,,,,,,,,,,,,,,,,,,,,,,,,,,,,,
Plate Type,96 WELL PLATE (Use plate lid),,,,,,,,,,,,,,,,,,,,,,,,,,,,,,,,,,,,
Eject plate on completion,,,,,,,,,,,,,,,,,,,,,,,,,,,,,,,,,,,,,
Set Temperature,Setpoint 25∞C,,,,,,,,,,,,,,,,,,,,,,,,,,,,,,,,,,,,
,Preheat before moving to next step,,,,,,,,,,,,,,,,,,,,,,,,,,,,,,,,,,,,
Shake,Linear: 0:10 (MM:SS),,,,,,,,,,,,,,,,,,,,,,,,,,,,,,,,,,,,
,Frequency: 567 cpm (3 mm),,,,,,,,,,,,,,,,,,,,,,,,,,,,,,,,,,,,
Start Kinetic,"Runtime 2:00:00 (HH:MM:SS), Interval 0:01:00, 121 Reads",,,,,,,,,,,,,,,,,,,,,,,,,,,,,,,,,,,,
    Read,sybr,,,,,,,,,,,,,,,,,,,,,,,,,,,,,,,,,,,,
,Fluorescence Endpoint,,,,,,,,,,,,,,,,,,,,,,,,,,,,,,,,,,,,
,A1..C12,,,,,,,,,,,,,,,,,,,,,,,,,,,,,,,,,,,,
,Filter Set 1,,,,,,,,,,,,,,,,,,,,,,,,,,,,,,,,,,,,
,"    Excitation: 487,  Emission: 528",,,,,,,,,,,,,,,,,,,,,,,,,,,,,,,,,,,,
,"    Optics: Bottom,  Gain: 50",,,,,,,,,,,,,,,,,,,,,,,,,,,,,,,,,,,,
,Filter Set 2,,,,,,,,,,,,,,,,,,,,,,,,,,,,,,,,,,,,
,"    Excitation: 487,  Emission: 528",,,,,,,,,,,,,,,,,,,,,,,,,,,,,,,,,,,,
,"    Optics: Bottom,  Gain: 60",,,,,,,,,,,,,,,,,,,,,,,,,,,,,,,,,,,,
,"Light Source: Xenon Flash,  Lamp Energy: High",,,,,,,,,,,,,,,,,,,,,,,,,,,,,,,,,,,,
,"Read Speed: Normal,  Delay: 100 msec,  Measurements/Data Point: 10",,,,,,,,,,,,,,,,,,,,,,,,,,,,,,,,,,,,
,Read Height: 7 mm,,,,,,,,,,,,,,,,,,,,,,,,,,,,,,,,,,,,
End Kinetic,,,,,,,,,,,,,,,,,,,,,,,,,,,,,,,,,,,,,
,,,,,,,,,,,,,,,,,,,,,,,,,,,,,,,,,,,,,
Layout,,,,,,,,,,,,,,,,,,,,,,,,,,,,,,,,,,,,,
,1,2,3,4,5,6,7,8,9,10,11,12,,,,,,,,,,,,,,,,,,,,,,,,,
A,SPL1,SPL4,SPL7,SPL10,SPL13,SPL16,SPL19,SPL22,SPL25,SPL28,SPL31,SPL34,Well ID,,,,,,,,,,,,,,,,,,,,,,,,
B,SPL2,SPL5,SPL8,SPL11,SPL14,SPL17,SPL20,SPL23,SPL26,SPL29,SPL32,SPL35,Well ID,,,,,,,,,,,,,,,,,,,,,,,,
C,SPL3,SPL6,SPL9,SPL12,SPL15,SPL18,SPL21,SPL24,SPL27,SPL30,SPL33,SPL36,Well ID,,,,,,,,,,,,,,,,,,,,,,,,
D,,,,,,,,,,,,,Well ID,,,,,,,,,,,,,,,,,,,,,,,,
E,,,,,,,,,,,,,Well ID,,,,,,,,,,,,,,,,,,,,,,,,
F,,,,,,,,,,,,,Well ID,,,,,,,,,,,,,,,,,,,,,,,,
G,,,,,,,,,,,,,Well ID,,,,,,,,,,,,,,,,,,,,,,,,
H,,,,,,,,,,,,,Well ID,,,,,,,,,,,,,,,,,,,,,,,,
,,,,,,,,,,,,,,,,,,,,,,,,,,,,,,,,,,,,,
"sybr:487,528",,,,,,,,,,,,,,,,,,,,,,,,,,,,,,,,,,,,,
,,,,,,,,,,,,,,,,,,,,,,,,,,,,,,,,,,,,,
Time,"T∞ sybr:487,528",A1,A2,A3,A4,A5,A6,A7,A8,A9,A10,A11,A12,B1,B2,B3,B4,B5,B6,B7,B8,B9,B10,B11,B12,C1,C2,C3,C4,C5,C6,C7,C8,C9,C10,C11,C12
00:00:11,25,7278,7161,7318,7193,7054,7233,7083,6739,7129,7014,7002,6833,7467,7264,7364,7167,6965,6980,7134,6738,7101,7005,6981,6794,7146,7160,7226,7151,6959,7302,7203,6682,7126,7150,6973,6752
00:01:11,25,7220,7088,7287,7305,7139,7349,7171,6740,7212,7106,6942,6716,7372,7249,7402,7227,7100,7271,7264,6804,7183,7060,6955,6713,7212,7115,7225,7227,7036,7368,7195,6629,7184,7127,6921,6671
00:02:11,25,7021,6954,7177,7270,7077,7332,7126,6704,7167,7063,6843,6579,7260,7150,7354,7236,7059,7285,7254,6707,7169,7102,6864,6621,7173,6993,7133,7210,7017,7349,7159,6562,7140,7130,6832,6520
00:03:11,25,6872,6819,7041,7222,7024,7296,7083,6623,7129,7020,6777,6491,7196,7052,7299,7216,7049,7268,7198,6659,7096,7079,6800,6526,7093,6905,7049,7155,7004,7327,7130,6501,7116,7019,6755,6388
00:04:11,25,6756,6667,6921,7165,6981,7282,7035,6575,7079,6970,6652,6362,7086,6945,7228,7163,7011,7228,7156,6604,7051,7020,6712,6388,7019,6796,6942,7117,6936,7250,7047,6432,7018,6978,6659,6260
00:05:11,25,6627,6525,6799,7129,6924,7215,6964,6500,7021,6921,6562,6244,7007,6828,7161,7110,6965,7167,7109,6539,6996,6963,6638,6303,6938,6663,6860,7056,6880,7202,7000,6361,6957,6924,6576,6129
00:06:11,25.1,6537,6407,6720,7082,6881,7202,6919,6439,6964,6877,6483,6160,6928,6738,7093,7085,6919,7122,7073,6470,6964,6930,6571,6191,6846,6620,6833,6995,6812,7140,6970,6314,6913,6865,6481,6022
00:07:11,25,6413,6311,6607,7030,6846,7170,6865,6369,6908,6829,6397,6025,6830,6636,7024,7024,6885,7118,7011,6426,6888,6850,6470,6104,6730,6509,6742,6943,6784,7093,6883,6260,6849,6826,6401,5934
00:08:11,25,6338,6238,6549,6984,6780,7132,6800,6282,6871,6800,6310,5931,6755,6547,6957,6977,6864,7057,6971,6367,6849,6820,6404,5992,6664,6445,6683,6912,6726,7049,6871,6184,6799,6766,6302,5823
00:09:11,25,6294,6152,6479,6939,6755,7099,6738,6235,6793,6767,6232,5828,6662,6467,6879,6938,6811,7028,6912,6316,6820,6765,6347,5900,6583,6352,6641,6859,6689,7015,6832,6138,6775,6730,6238,5732
00:10:11,25,6241,6102,6424,6914,6718,7053,6689,6210,6769,6722,6171,5744,6592,6371,6786,6895,6777,6981,6867,6271,6762,6717,6276,5833,6514,6328,6617,6818,6625,6965,6770,6097,6736,6675,6161,5647
00:11:11,25,6176,6006,6367,6836,6673,6989,6639,6134,6697,6674,6102,5660,6481,6279,6697,6866,6725,6928,6831,6189,6728,6670,6216,5740,6436,6237,6542,6788,6577,6916,6707,6035,6673,6669,6103,5544
00:12:11,25,6154,5978,6330,6814,6629,6954,6595,6081,6656,6645,6008,5568,6399,6219,6626,6803,6680,6902,6793,6163,6672,6629,6120,5679,6370,6196,6501,6737,6537,6892,6683,5997,6657,6634,6030,5474
00:13:11,25.1,6092,5932,6299,6765,6588,6919,6543,6026,6596,6596,5940,5479,6336,6131,6514,6763,6643,6860,6724,6088,6627,6589,6071,5608,6320,6132,6455,6684,6486,6840,6636,5952,6612,6589,5955,5414
00:14:11,25.1,6070,5874,6267,6735,6548,6890,6526,6003,6560,6545,5855,5407,6290,6061,6435,6739,6605,6814,6693,6054,6592,6559,6002,5531,6291,6121,6423,6675,6448,6841,6596,5914,6560,6543,5904,5326
00:15:11,25.1,6048,5869,6220,6675,6510,6834,6475,5959,6497,6507,5825,5328,6243,6012,6380,6707,6560,6791,6655,6013,6562,6520,5947,5471,6255,6093,6376,6625,6417,6794,6560,5891,6527,6529,5832,5278
00:16:11,25.1,6033,5830,6210,6642,6471,6807,6443,5930,6472,6502,5746,5266,6231,5991,6342,6670,6514,6748,6629,5968,6532,6499,5891,5404,6216,6055,6343,6618,6370,6766,6528,5843,6514,6505,5756,5213
00:17:11,25.1,5996,5795,6153,6597,6429,6773,6362,5869,6429,6453,5678,5211,6222,5986,6320,6606,6466,6727,6574,5938,6471,6457,5838,5348,6207,6045,6308,6575,6328,6747,6479,5797,6444,6472,5708,5164
00:18:11,25.1,6000,5804,6139,6560,6398,6740,6339,5862,6390,6436,5638,5137,6253,5950,6305,6577,6431,6681,6545,5889,6458,6438,5784,5310,6206,6001,6286,6534,6313,6717,6470,5763,6425,6456,5641,5115
00:19:11,25.1,5991,5771,6105,6543,6367,6694,6296,5809,6363,6409,5571,5088,6244,5949,6302,6541,6410,6660,6536,5851,6421,6421,5726,5262,6197,5999,6233,6518,6275,6694,6435,5722,6384,6437,5583,5056
00:20:11,25.1,5942,5744,6061,6499,6353,6650,6273,5774,6310,6372,5516,5032,6249,5938,6294,6520,6347,6625,6473,5829,6381,6400,5669,5207,6180,5962,6216,6471,6250,6645,6374,5679,6348,6394,5531,4995
00:21:11,25.1,5911,5706,5999,6478,6332,6627,6224,5722,6290,6393,5460,4975,6223,5920,6269,6491,6315,6595,6444,5794,6344,6376,5631,5171,6151,5922,6169,6448,6210,6623,6339,5647,6303,6392,5496,4951
00:22:11,25.1,5869,5694,5934,6430,6296,6617,6178,5698,6249,6344,5406,4931,6215,5916,6270,6442,6276,6541,6394,5750,6310,6332,5583,5106,6088,5883,6133,6412,6167,6591,6296,5608,6257,6365,5429,4909
00:23:11,25.1,5824,5652,5860,6390,6275,6584,6142,5657,6219,6335,5362,4881,6179,5905,6252,6392,6224,6522,6375,5711,6261,6308,5531,5058,6033,5848,6116,6379,6150,6576,6260,5552,6223,6343,5386,4863
00:24:11,25.1,5742,5610,5746,6382,6244,6567,6122,5633,6195,6302,5311,4815,6156,5887,6226,6359,6190,6489,6325,5664,6231,6291,5490,5033,5962,5809,6060,6375,6122,6559,6222,5510,6199,6338,5331,4822
00:25:11,25.1,5680,5551,5622,6335,6221,6527,6115,5595,6144,6275,5259,4790,6098,5848,6189,6356,6176,6461,6283,5628,6179,6282,5452,4995,5885,5770,6012,6345,6095,6528,6182,5484,6152,6300,5284,4789
00:26:11,25.1,5565,5502,5451,6342,6202,6502,6070,5575,6143,6267,5215,4748,6053,5804,6170,6317,6127,6449,6249,5590,6123,6248,5399,4956,5809,5702,5955,6300,6057,6521,6147,5458,6119,6272,5263,4755
00:27:11,25.1,5438,5448,5198,6325,6198,6515,6050,5532,6118,6247,5178,4705,6001,5763,6130,6316,6112,6417,6212,5566,6104,6226,5373,4930,5726,5649,5879,6307,6060,6501,6111,5420,6084,6288,5212,4722
00:28:11,25.1,5259,5370,4985,6287,6182,6482,6049,5530,6078,6231,5128,4681,5930,5743,6106,6288,6097,6392,6195,5528,6084,6221,5343,4907,5640,5616,5798,6316,6004,6489,6085,5391,6059,6269,5180,4695
00:29:11,25.1,5069,5248,4815,6259,6149,6454,6018,5499,6085,6213,5086,4632,5884,5704,6061,6263,6056,6385,6155,5491,6063,6199,5293,4859,5573,5561,5679,6313,6006,6495,6049,5368,6026,6233,5155,4666
00:30:11,25.1,4937,5128,4754,6266,6156,6479,5983,5470,6061,6215,5056,4609,5819,5654,6021,6246,6056,6356,6107,5452,6025,6190,5270,4829,5510,5519,5554,6297,5974,6501,6032,5360,6000,6246,5138,4625
00:31:11,25.1,4874,4960,4741,6267,6159,6494,5947,5441,6042,6227,5015,4584,5693,5616,5981,6244,6018,6329,6085,5435,5994,6185,5242,4818,5498,5454,5454,6291,5962,6479,6002,5329,5977,6206,5087,4595
00:32:11,25.1,4877,4786,4774,6274,6155,6464,5920,5433,6049,6218,4981,4538,5572,5567,5931,6247,6017,6316,6063,5404,5982,6176,5206,4779,5452,5370,5335,6275,5941,6454,5977,5303,5971,6205,5052,4591
00:33:11,25.1,4916,4611,4799,6281,6134,6489,5895,5410,6015,6229,4955,4517,5492,5487,5875,6250,5994,6279,6032,5367,5946,6170,5192,4760,5454,5279,5296,6235,5946,6461,5942,5290,5948,6190,5035,4557
00:34:11,25.1,4953,4486,4839,6295,6150,6488,5828,5390,6005,6212,4908,4491,5448,5408,5790,6240,5975,6275,6027,5348,5931,6183,5151,4726,5458,5193,5291,6243,5942,6449,5950,5258,5909,6170,5002,4536
00:35:11,25.1,4998,4439,4896,6306,6143,6503,5809,5346,5949,6228,4893,4462,5428,5315,5666,6241,5968,6286,5999,5339,5905,6156,5110,4689,5458,5086,5279,6216,5937,6443,5902,5229,5896,6181,4976,4516
00:36:11,25.1,5020,4417,4888,6306,6128,6511,5761,5315,5917,6211,4863,4431,5411,5193,5553,6257,5947,6267,5971,5304,5901,6168,5106,4670,5440,4989,5250,6201,5926,6420,5896,5191,5869,6165,4941,4494
00:37:11,25.1,5032,4414,4884,6299,6130,6489,5715,5281,5881,6197,4823,4398,5398,5042,5405,6246,5948,6265,5952,5283,5877,6152,5073,4633,5419,4911,5243,6201,5932,6410,5863,5193,5873,6155,4912,4461
00:38:11,25.1,5049,4457,4891,6309,6135,6485,5661,5230,5868,6201,4800,4378,5372,4914,5280,6246,5951,6275,5930,5263,5857,6143,5043,4632,5408,4828,5220,6174,5936,6409,5854,5146,5812,6134,4877,4434
00:39:11,25.1,5047,4469,4897,6301,6112,6476,5623,5197,5795,6181,4771,4351,5327,4827,5214,6225,5957,6291,5910,5249,5822,6132,4994,4610,5383,4762,5184,6170,5907,6400,5825,5108,5800,6156,4858,4434
00:40:11,25.1,5026,4520,4893,6271,6117,6498,5604,5154,5774,6192,4753,4347,5302,4748,5136,6225,5981,6294,5885,5222,5781,6129,4984,4583,5382,4752,5173,6173,5934,6374,5816,5109,5777,6140,4838,4411
00:41:11,25.1,5007,4530,4864,6269,6097,6469,5540,5123,5721,6176,4716,4303,5274,4691,5097,6202,5979,6308,5849,5186,5755,6111,4974,4551,5332,4723,5127,6153,5917,6359,5776,5080,5720,6145,4800,4367
00:42:11,25.1,4972,4557,4870,6256,6117,6486,5530,5099,5695,6176,4691,4293,5257,4678,5090,6197,5988,6311,5805,5165,5729,6126,4945,4535,5310,4708,5124,6156,5890,6375,5756,5034,5706,6148,4789,4354
00:43:11,25.1,4931,4555,4854,6251,6091,6450,5487,5069,5660,6168,4667,4266,5227,4662,5083,6178,5962,6306,5750,5143,5673,6109,4919,4521,5263,4695,5065,6146,5908,6365,5720,5002,5669,6133,4769,4333
00:44:11,25.1,4887,4568,4848,6242,6096,6435,5452,5031,5628,6157,4636,4242,5197,4660,5080,6158,5982,6315,5702,5095,5631,6119,4877,4488,5227,4670,5058,6131,5897,6335,5681,4960,5641,6117,4717,4302
00:45:11,25.1,4867,4578,4838,6232,6073,6443,5424,4991,5599,6156,4604,4233,5139,4667,5065,6158,5971,6296,5675,5061,5591,6101,4863,4469,5198,4637,5025,6119,5887,6332,5654,4938,5586,6111,4685,4305
00:46:11,25.1,4823,4566,4798,6221,6058,6430,5399,4964,5566,6150,4593,4202,5100,4656,5079,6149,5977,6296,5641,5033,5556,6097,4843,4460,5140,4630,4983,6094,5877,6316,5611,4911,5562,6115,4669,4260
00:47:11,25.1,4798,4536,4796,6193,6063,6404,5358,4927,5523,6142,4555,4187,5052,4635,5051,6130,5963,6287,5598,5009,5519,6092,4816,4430,5066,4582,4927,6072,5873,6316,5580,4895,5534,6086,4641,4254
00:48:11,25.1,4759,4515,4775,6191,6054,6409,5360,4911,5519,6146,4535,4158,4988,4622,5038,6114,5958,6264,5559,4966,5481,6081,4800,4434,4999,4548,4907,6059,5872,6301,5547,4864,5502,6103,4613,4230
00:49:11,25.1,4730,4489,4726,6176,6053,6399,5345,4869,5469,6132,4511,4144,4938,4598,5036,6108,5967,6275,5523,4949,5458,6099,4781,4403,4968,4539,4902,6067,5858,6292,5527,4817,5465,6085,4578,4211
00:50:11,25.1,4712,4490,4714,6156,6032,6379,5307,4857,5458,6107,4479,4129,4876,4575,5013,6102,5947,6269,5478,4896,5444,6060,4751,4372,4906,4504,4856,6045,5866,6293,5486,4791,5441,6092,4550,4189
00:51:11,25.1,4661,4454,4666,6146,6020,6392,5300,4832,5417,6129,4460,4109,4842,4579,4992,6096,5947,6252,5466,4872,5425,6068,4739,4366,4878,4494,4808,6041,5872,6282,5451,4776,5427,6067,4532,4184
00:52:11,25.2,4642,4450,4646,6138,6024,6355,5289,4814,5402,6119,4443,4093,4796,4547,4976,6083,5938,6268,5434,4847,5407,6062,4711,4351,4835,4458,4804,6037,5860,6272,5428,4759,5394,6074,4507,4152
00:53:11,25.2,4630,4419,4631,6146,6008,6363,5255,4805,5380,6116,4414,4069,4756,4530,4953,6088,5932,6260,5427,4812,5360,6052,4689,4325,4809,4429,4790,6030,5851,6257,5411,4740,5377,6066,4475,4119
00:54:11,25.2,4586,4391,4586,6122,6013,6373,5249,4769,5363,6117,4396,4065,4726,4522,4915,6070,5931,6251,5409,4803,5346,6052,4666,4321,4773,4402,4781,6021,5849,6253,5382,4712,5356,6062,4459,4113
00:55:11,25.2,4554,4366,4554,6144,5983,6347,5218,4762,5330,6089,4366,4037,4699,4500,4881,6063,5926,6252,5378,4779,5332,6050,4648,4305,4764,4394,4737,6013,5847,6235,5360,4688,5335,6057,4426,4085
00:56:11,25.2,4529,4337,4518,6113,5998,6343,5210,4735,5336,6098,4340,4001,4676,4461,4864,6049,5926,6237,5368,4744,5333,6034,4624,4281,4710,4375,4703,5996,5825,6232,5335,4661,5298,6043,4400,4055
00:57:11,25.2,4472,4315,4483,6098,5986,6323,5189,4708,5304,6090,4321,3976,4630,4440,4815,6049,5909,6220,5353,4721,5313,6025,4595,4260,4668,4346,4677,5991,5803,6229,5326,4657,5273,6048,4371,4032
00:58:11,25.2,4431,4279,4446,6077,5989,6305,5179,4696,5279,6096,4299,3955,4598,4395,4767,6040,5901,6208,5341,4703,5292,6030,4580,4246,4635,4322,4671,5968,5811,6199,5288,4636,5284,6017,4348,3998
00:59:11,25.2,4403,4267,4420,6076,5966,6315,5150,4694,5270,6089,4266,3949,4557,4383,4735,6025,5885,6197,5326,4694,5284,6023,4558,4232,4602,4295,4616,5953,5813,6216,5271,4619,5258,6021,4335,3984
01:00:11,25.1,4358,4230,4366,6088,5947,6289,5154,4674,5270,6079,4240,3918,4520,4354,4709,6007,5889,6206,5322,4683,5276,6040,4529,4209,4530,4270,4578,5952,5800,6197,5268,4606,5242,6039,4297,3960
01:01:11,25.2,4319,4200,4342,6054,5946,6290,5136,4674,5249,6072,4217,3891,4481,4324,4668,6018,5869,6166,5292,4660,5261,6004,4510,4203,4498,4240,4558,5940,5791,6185,5236,4586,5226,6024,4273,3931
01:02:11,25.2,4274,4178,4306,6051,5939,6291,5115,4650,5248,6066,4196,3878,4435,4286,4633,6002,5881,6175,5285,4653,5249,6016,4473,4178,4445,4208,4516,5917,5781,6194,5221,4564,5203,6007,4251,3906
01:03:11,25.2,4232,4148,4262,6039,5916,6283,5103,4631,5222,6050,4160,3849,4402,4248,4601,5992,5863,6171,5276,4644,5231,5986,4473,4157,4399,4177,4476,5925,5791,6187,5221,4547,5200,6014,4225,3874
01:04:11,25.2,4199,4130,4221,6046,5930,6279,5095,4626,5207,6046,4153,3837,4361,4229,4570,5985,5868,6166,5268,4613,5244,6010,4433,4142,4371,4150,4448,5919,5784,6192,5196,4547,5173,5992,4207,3838
01:05:11,25.2,4165,4097,4196,5999,5913,6280,5076,4618,5197,6068,4115,3808,4317,4193,4519,5985,5866,6152,5254,4610,5221,5994,4399,4104,4329,4110,4421,5900,5785,6171,5188,4519,5158,5998,4182,3818
01:06:11,25.2,4119,4060,4153,6017,5913,6256,5061,4602,5190,6058,4108,3782,4268,4163,4494,5957,5844,6147,5229,4590,5208,5986,4387,4102,4273,4073,4376,5872,5763,6169,5173,4515,5175,5986,4161,3787
01:07:11,25.2,4093,4037,4121,5997,5904,6253,5039,4581,5164,6053,4077,3759,4209,4123,4458,5961,5844,6128,5226,4574,5172,6011,4356,4064,4224,4028,4332,5867,5749,6154,5139,4494,5138,5983,4133,3744
01:08:11,25.2,4031,3992,4069,6003,5897,6238,5029,4575,5174,6058,4044,3722,4154,4098,4407,5925,5826,6120,5216,4562,5177,5970,4343,4050,4171,4012,4291,5839,5764,6142,5139,4479,5136,5982,4126,3735
01:09:11,25.2,4008,3960,4038,5985,5902,6249,4998,4571,5155,6048,4028,3714,4126,4060,4373,5932,5826,6116,5199,4548,5171,5983,4320,4034,4151,3965,4259,5860,5764,6132,5111,4468,5117,5984,4091,3704
01:10:11,25.2,3971,3928,3998,5977,5876,6234,4994,4554,5140,6030,4030,3677,4082,4020,4348,5925,5825,6114,5199,4538,5163,5984,4281,4001,4099,3929,4215,5842,5773,6127,5114,4437,5103,5992,4089,3683
01:11:11,25.2,3930,3903,3982,5956,5868,6227,4994,4551,5136,6035,4003,3669,4047,3983,4307,5907,5809,6096,5190,4531,5157,5974,4261,3973,4055,3878,4164,5819,5741,6126,5107,4443,5090,5981,4064,3644
01:12:11,25.2,3909,3858,3930,5973,5887,6224,4971,4523,5115,6016,3969,3642,4001,3954,4266,5901,5818,6117,5180,4528,5134,5974,4250,3945,4015,3855,4141,5815,5731,6119,5081,4427,5086,5976,4056,3619
01:13:11,25.2,3857,3847,3890,5963,5881,6203,4949,4527,5104,6032,3954,3604,3954,3937,4206,5889,5804,6087,5177,4528,5118,5960,4217,3931,3966,3818,4110,5825,5725,6113,5053,4408,5049,5974,4029,3609
01:14:11,25.2,3830,3805,3878,5966,5852,6214,4942,4530,5093,6011,3936,3591,3932,3901,4192,5895,5805,6104,5141,4521,5115,5959,4173,3896,3948,3789,4080,5815,5720,6087,5040,4394,5048,5969,4042,3590
01:15:11,25.2,3779,3777,3828,5944,5841,6204,4932,4501,5085,6037,3922,3563,3895,3856,4142,5858,5798,6088,5125,4482,5093,5960,4171,3861,3892,3746,4029,5786,5711,6092,5026,4402,5030,5961,4019,3568
01:16:11,25.2,3752,3747,3815,5911,5838,6197,4911,4499,5077,6031,3906,3542,3869,3819,4115,5851,5780,6072,5133,4467,5084,5963,4136,3845,3876,3723,4004,5788,5723,6084,5023,4374,5024,5960,3996,3551
01:17:11,25.2,3727,3707,3767,5914,5827,6187,4892,4477,5046,6022,3898,3522,3815,3787,4069,5841,5782,6066,5116,4464,5086,5957,4112,3817,3818,3679,3959,5761,5697,6059,5010,4356,5024,5959,3998,3522
01:18:11,25.2,3693,3685,3736,5913,5829,6169,4871,4463,5053,6009,3877,3492,3784,3751,4041,5849,5765,6081,5109,4461,5072,5961,4089,3785,3793,3656,3931,5774,5723,6067,4987,4337,5004,5947,3984,3507
01:19:11,25.2,3678,3655,3707,5907,5827,6174,4881,4460,5040,6007,3861,3476,3749,3734,4008,5835,5782,6062,5087,4457,5060,5949,4065,3756,3771,3611,3892,5748,5704,6053,4984,4337,4995,5965,3975,3492
01:20:11,25.2,3633,3611,3685,5899,5825,6189,4854,4460,5015,6025,3858,3463,3723,3684,3967,5808,5763,6056,5083,4450,5059,5966,4054,3729,3723,3568,3862,5751,5677,6043,4984,4313,4977,5964,3969,3483
01:21:11,25.2,3604,3598,3655,5887,5814,6162,4846,4461,5017,6006,3849,3446,3679,3659,3923,5823,5767,6060,5076,4423,5031,5951,4032,3708,3697,3556,3827,5747,5706,6064,4972,4321,4965,5971,3964,3483
01:22:11,25.2,3570,3569,3614,5868,5815,6140,4821,4434,5019,6006,3840,3422,3657,3618,3897,5789,5761,6065,5060,4423,5024,5942,4019,3673,3681,3514,3794,5727,5685,6053,4947,4287,4956,5945,3957,3468
01:23:11,25.2,3541,3530,3588,5875,5801,6136,4831,4433,5005,6013,3821,3412,3622,3597,3869,5796,5767,6035,5041,4412,5018,5947,3996,3667,3642,3484,3758,5716,5698,6043,4934,4290,4947,5964,3948,3449
01:24:11,25.2,3506,3498,3565,5869,5799,6146,4806,4410,4974,5983,3812,3385,3600,3562,3832,5791,5748,6049,5046,4404,5011,5950,3987,3625,3613,3444,3721,5716,5672,6029,4909,4282,4927,5930,3940,3454
01:25:11,25.2,3489,3469,3535,5867,5793,6125,4791,4409,4977,5989,3806,3377,3575,3528,3802,5774,5742,6029,5010,4388,5001,5951,3975,3612,3581,3419,3693,5708,5680,6001,4914,4281,4919,5942,3939,3440
01:26:11,25.2,3455,3440,3506,5849,5772,6141,4767,4398,4958,5994,3788,3351,3553,3515,3754,5771,5731,6031,5010,4374,4974,5950,3959,3581,3549,3396,3670,5696,5668,6020,4893,4255,4906,5942,3940,3441
01:27:11,25.2,3418,3407,3476,5856,5783,6123,4765,4390,4963,5998,3804,3353,3513,3471,3745,5755,5729,6027,4995,4377,4975,5925,3945,3571,3516,3357,3628,5687,5664,6004,4880,4236,4887,5935,3929,3432
01:28:11,25.2,3405,3382,3463,5838,5775,6109,4745,4373,4942,5989,3793,3340,3493,3436,3704,5727,5727,6012,4974,4360,4961,5944,3944,3546,3502,3337,3597,5677,5640,6011,4866,4236,4865,5926,3931,3420
01:29:11,25.2,3370,3352,3419,5825,5766,6104,4717,4372,4920,5982,3785,3328,3458,3417,3673,5727,5712,6023,4979,4338,4935,5929,3930,3529,3490,3300,3571,5664,5631,5996,4879,4217,4860,5943,3918,3425
01:30:11,25.2,3355,3327,3408,5808,5781,6088,4711,4348,4913,5986,3792,3325,3452,3381,3647,5717,5711,6006,4957,4335,4935,5943,3927,3512,3456,3271,3543,5662,5640,5991,4841,4210,4851,5934,3923,3423
01:31:11,25.2,3331,3310,3388,5828,5782,6094,4715,4337,4902,5991,3788,3314,3414,3352,3618,5714,5714,5994,4953,4340,4932,5911,3908,3494,3432,3243,3530,5656,5661,6001,4839,4207,4848,5941,3920,3412
01:32:11,25.2,3304,3271,3371,5828,5754,6087,4695,4342,4904,5996,3774,3316,3399,3329,3588,5686,5707,6004,4936,4321,4903,5917,3898,3470,3420,3210,3492,5626,5641,5994,4831,4185,4833,5940,3917,3409
01:33:11,25.2,3283,3257,3334,5798,5743,6097,4676,4319,4868,5981,3780,3311,3379,3308,3557,5688,5710,5993,4930,4320,4904,5931,3895,3461,3382,3199,3468,5620,5638,5981,4796,4185,4820,5934,3912,3408
01:34:11,25.2,3254,3215,3304,5802,5740,6103,4670,4312,4870,5982,3776,3300,3354,3274,3526,5678,5697,5977,4905,4305,4897,5907,3902,3447,3357,3172,3459,5632,5640,5984,4784,4171,4810,5937,3919,3410
01:35:11,25.2,3244,3202,3294,5777,5738,6074,4649,4306,4854,5988,3777,3300,3330,3244,3498,5667,5699,5980,4898,4300,4867,5925,3896,3430,3344,3147,3419,5599,5635,5958,4782,4151,4777,5913,3914,3397
01:36:11,25.2,3218,3167,3261,5789,5730,6075,4636,4302,4849,5978,3764,3287,3311,3229,3467,5657,5681,5990,4885,4289,4874,5930,3885,3430,3310,3131,3405,5596,5624,5954,4785,4148,4793,5931,3918,3405
01:37:11,25.2,3204,3137,3256,5778,5731,6068,4620,4287,4836,5966,3765,3284,3301,3203,3445,5632,5679,5970,4886,4277,4860,5920,3877,3420,3310,3109,3385,5588,5634,5941,4763,4145,4762,5930,3923,3394
01:38:11,25.2,3184,3121,3229,5778,5715,6071,4609,4278,4830,5961,3761,3287,3276,3176,3422,5622,5680,5964,4862,4259,4847,5908,3895,3409,3290,3077,3352,5562,5619,5944,4734,4131,4748,5918,3897,3395
01:39:11,25.2,3165,3091,3211,5742,5710,6058,4605,4273,4823,5975,3760,3267,3259,3151,3399,5609,5665,5959,4838,4258,4830,5917,3875,3399,3269,3050,3329,5565,5611,5941,4724,4122,4738,5915,3906,3393
01:40:11,25.2,3142,3077,3193,5755,5707,6038,4597,4277,4791,5970,3751,3266,3250,3133,3378,5590,5673,5935,4846,4243,4818,5916,3872,3399,3260,3032,3306,5559,5603,5925,4707,4105,4746,5905,3890,3376
01:41:11,25.2,3119,3053,3168,5743,5719,6060,4575,4255,4795,5959,3749,3261,3220,3100,3364,5611,5653,5953,4818,4242,4802,5929,3883,3401,3238,3008,3297,5537,5598,5909,4699,4088,4727,5916,3891,3377
01:42:11,25.2,3111,3021,3160,5755,5707,6044,4559,4232,4784,5959,3744,3250,3208,3083,3340,5578,5672,5942,4812,4243,4792,5925,3877,3391,3221,2986,3274,5519,5593,5912,4698,4088,4727,5922,3906,3377
01:43:11,25.2,3099,3007,3144,5752,5683,6019,4558,4227,4763,5962,3738,3253,3194,3071,3311,5569,5646,5952,4794,4233,4785,5906,3876,3385,3197,2970,3254,5530,5591,5898,4674,4057,4683,5925,3885,3372
01:44:11,25.2,3090,2989,3115,5744,5686,6026,4542,4231,4750,5974,3725,3241,3180,3051,3303,5578,5658,5949,4796,4223,4788,5905,3885,3377,3194,2955,3246,5527,5600,5905,4676,4070,4684,5910,3895,3373
01:45:11,25.2,3067,2975,3102,5730,5682,6021,4514,4212,4734,5946,3729,3229,3170,3022,3279,5577,5652,5934,4786,4213,4775,5908,3895,3364,3177,2936,3210,5514,5595,5882,4665,4065,4684,5903,3892,3367
01:46:11,25.2,3052,2958,3079,5714,5691,6033,4522,4198,4739,5958,3717,3229,3146,3006,3259,5559,5641,5909,4776,4191,4757,5896,3883,3365,3163,2918,3198,5513,5589,5888,4652,4048,4653,5905,3886,3355
01:47:11,25.2,3032,2925,3073,5724,5677,6015,4509,4199,4741,5952,3710,3220,3132,2980,3230,5539,5631,5935,4763,4198,4742,5912,3880,3370,3148,2909,3188,5488,5575,5882,4636,4033,4657,5931,3870,3345
01:48:11,25.2,3026,2908,3052,5708,5673,5990,4493,4204,4726,5972,3694,3199,3116,2956,3221,5512,5642,5910,4735,4181,4734,5918,3885,3362,3138,2878,3165,5482,5580,5871,4625,4018,4647,5920,3859,3336
01:49:11,25.2,3013,2888,3039,5687,5683,5993,4478,4188,4701,5937,3685,3197,3115,2942,3203,5515,5625,5919,4732,4183,4722,5876,3873,3358,3127,2868,3160,5472,5585,5876,4620,4027,4633,5916,3875,3323
01:50:11,25.2,3006,2877,3029,5686,5683,5996,4470,4185,4691,5937,3680,3180,3102,2917,3184,5504,5626,5910,4715,4165,4715,5883,3872,3355,3120,2843,3144,5468,5574,5850,4588,4020,4610,5910,3852,3318
01:51:11,25.2,2990,2858,3017,5701,5659,6012,4451,4178,4677,5961,3681,3160,3086,2901,3172,5493,5636,5907,4715,4157,4712,5889,3874,3350,3106,2836,3127,5465,5573,5872,4601,3992,4609,5902,3857,3314
01:52:11,25.2,2972,2840,3004,5673,5671,6001,4439,4173,4675,5933,3658,3160,3078,2896,3164,5492,5636,5895,4688,4147,4685,5899,3871,3340,3086,2815,3099,5450,5568,5846,4568,3997,4598,5902,3844,3294
01:53:11,25.2,2968,2830,2988,5678,5655,5973,4440,4152,4672,5954,3649,3140,3067,2878,3131,5469,5641,5898,4686,4137,4696,5874,3866,3342,3075,2809,3095,5433,5565,5847,4567,3984,4571,5894,3835,3284
01:54:11,25.2,2946,2810,2974,5668,5657,5976,4427,4154,4651,5956,3641,3133,3041,2859,3125,5454,5622,5875,4674,4126,4676,5887,3854,3339,3057,2789,3072,5419,5558,5846,4538,3977,4569,5895,3845,3276
01:55:11,25.2,2948,2785,2968,5657,5660,5985,4401,4148,4639,5960,3627,3119,3052,2842,3121,5454,5620,5896,4674,4134,4667,5879,3865,3325,3056,2783,3070,5429,5557,5823,4547,3968,4569,5895,3825,3262
01:56:11,25.2,2929,2780,2951,5656,5645,5963,4401,4147,4624,5943,3611,3100,3037,2821,3087,5434,5597,5891,4665,4126,4647,5907,3851,3331,3039,2760,3049,5417,5534,5822,4533,3965,4547,5904,3826,3244
01:57:11,25.2,2918,2771,2934,5653,5641,5956,4383,4136,4623,5928,3607,3086,3018,2804,3077,5422,5609,5878,4645,4115,4639,5876,3856,3325,3043,2747,3040,5384,5544,5799,4514,3947,4553,5894,3809,3224
01:58:11,25.2,2912,2754,2928,5655,5633,5964,4384,4120,4616,5942,3595,3076,3024,2812,3062,5422,5586,5855,4627,4108,4637,5881,3852,3320,3028,2740,3017,5379,5532,5795,4505,3952,4543,5883,3801,3205
01:59:11,25.2,2890,2724,2914,5650,5635,5938,4361,4109,4590,5945,3580,3073,3003,2778,3050,5415,5605,5856,4625,4094,4621,5888,3853,3309,3017,2723,3009,5375,5531,5803,4489,3928,4515,5890,3794,3198
02:00:11,25.2,2893,2714,2907,5651,5631,5949,4353,4113,4583,5957,3563,3059,2998,2771,3029,5405,5584,5855,4615,4082,4593,5875,3835,3311,3003,2702,3007,5374,5540,5788,4487,3937,4506,5892,3791,3189
,,,,,,,,,,,,,,,,,,,,,,,,,,,,,,,,,,,,,
"sybr:487,528[2]",,,,,,,,,,,,,,,,,,,,,,,,,,,,,,,,,,,,,
,,,,,,,,,,,,,,,,,,,,,,,,,,,,,,,,,,,,,
Time,"T∞ sybr:487,528[2]",A1,A2,A3,A4,A5,A6,A7,A8,A9,A10,A11,A12,B1,B2,B3,B4,B5,B6,B7,B8,B9,B10,B11,B12,C1,C2,C3,C4,C5,C6,C7,C8,C9,C10,C11,C12
00:00:32,25,27670,27227,27607,27586,27045,27736,27146,25650,27235,26752,26538,25820,28214,27575,27913,27301,26727,27071,27299,25786,27251,26650,26457,25684,27280,27128,27578,27294,26510,27897,27331,25323,27130,27057,26360,25542
00:01:32,25,27119,26662,27370,27596,26849,27850,27134,25480,27319,26860,26169,25264,27765,27364,27926,27407,26899,27631,27554,25698,27173,26862,26189,25234,27336,26835,27201,27328,26659,27930,27275,25031,27125,27012,26070,25153
00:02:32,25,26475,26139,26959,27419,26727,27711,26949,25259,27096,26762,25731,24827,27445,26932,27789,27347,26756,27580,27406,25428,27067,26808,25977,24957,27081,26323,26954,27245,26530,27853,27039,24787,26990,26788,25825,24581
00:03:32,25,25946,25594,26510,27260,26622,27585,26757,25114,26877,26531,25496,24471,27054,26586,27523,27213,26660,27463,27230,25151,26883,26771,25670,24555,26690,25888,26575,27121,26389,27680,26887,24552,26801,26611,25445,24046
00:04:32,25,25423,25072,26026,27142,26327,27482,26596,24858,26715,26401,25167,24000,26820,26223,27262,27090,26536,27332,27035,24940,26622,26549,25383,24137,26410,25583,26193,26874,26123,27477,26635,24354,26493,26340,25109,23648
00:05:32,25,24981,24651,25588,26898,26279,27271,26394,24615,26410,26125,24798,23570,26432,25736,27074,26870,26375,27171,26843,24728,26441,26232,25013,23726,26141,25295,25968,26565,26032,27159,26474,24005,26389,26133,24703,23133
00:06:32,25.1,24638,24263,25342,26772,26068,27215,26130,24335,26210,26018,24475,23160,26211,25408,26838,26715,26169,26911,26792,24517,26278,26074,24762,23344,25859,24952,25715,26487,25823,27033,26248,23800,26122,25898,24408,22751
00:07:32,25,24326,23826,25040,26534,25873,27065,25814,24101,26049,25908,24113,22692,25845,25029,26472,26527,26036,26827,26559,24322,26105,25956,24514,23069,25471,24588,25530,26324,25607,26790,26168,23612,25971,25747,24148,22318
00:08:32,25,24018,23488,24729,26456,25663,26925,25645,23824,25877,25761,23917,22359,25515,24690,26169,26384,25897,26622,26385,24087,25906,25760,24208,22679,25097,24329,25314,26133,25370,26658,25880,23442,25762,25635,23842,22000
00:09:32,25,23742,23226,24498,26203,25497,26788,25435,23624,25654,25604,23590,22066,25110,24356,25971,26244,25795,26482,26220,23860,25732,25497,23945,22367,24896,24067,25186,25956,25193,26485,25802,23247,25611,25513,23550,21577
00:10:32,25,23597,23022,24273,26023,25367,26641,25284,23403,25419,25474,23208,21699,24834,24074,25554,26079,25582,26322,25964,23659,25546,25351,23718,22027,24625,23822,25039,25822,25070,26282,25626,22992,25422,25374,23338,21269
00:11:32,25,23407,22759,24140,25978,25248,26423,25089,23250,25270,25273,22968,21313,24428,23723,25146,25857,25377,26153,25789,23444,25317,25169,23418,21666,24335,23572,24738,25570,24859,26126,25385,22858,25269,25167,23054,20967
00:12:32,25,23205,22595,23933,25835,25135,26269,24951,23030,25116,25138,22743,20980,24202,23437,24915,25730,25288,26057,25681,23254,25280,25038,23242,21442,24111,23438,24625,25519,24740,25983,25285,22717,25226,25057,22737,20716
00:13:32,25.1,23056,22415,23759,25578,24946,26163,24746,22865,24946,24905,22412,20731,23934,23190,24535,25641,25048,25896,25500,23089,25087,24937,22918,21185,23831,23325,24448,25387,24558,25949,25184,22568,25009,24998,22483,20352
00:14:32,25.1,22989,22312,23703,25448,24790,26012,24630,22691,24855,24860,22193,20389,23746,22992,24357,25508,24901,25824,25373,22971,24918,24782,22720,20968,23784,23118,24298,25270,24393,25787,25040,22433,24814,24822,22315,20195
00:15:32,25.1,22841,22199,23606,25330,24646,25876,24439,22587,24640,24709,21942,20145,23620,22843,24177,25359,24821,25658,25210,22794,24795,24714,22546,20725,23723,23056,24098,25094,24300,25667,24807,22299,24706,24771,22024,19880
00:16:32,25.1,22872,22115,23445,25215,24542,25679,24349,22465,24461,24600,21713,19859,23592,22732,24012,25143,24638,25589,25092,22635,24645,24654,22287,20507,23624,22993,24034,24978,24175,25707,24727,22109,24558,24622,21791,19705
00:17:32,25.1,22774,22017,23289,25039,24393,25584,24157,22269,24308,24456,21409,19643,23627,22607,23918,25015,24413,25434,24821,22540,24533,24463,22046,20179,23469,22798,23857,24871,24003,25436,24523,22010,24514,24506,21556,19486
00:18:32,25.1,22708,21925,23175,24882,24270,25420,23984,22078,24189,24454,21259,19426,23660,22555,23921,24935,24330,25348,24803,22330,24420,24385,21815,20094,23520,22752,23817,24783,23880,25333,24435,21839,24330,24434,21355,19313
00:19:32,25.1,22599,21903,23045,24741,24170,25321,23827,21985,24019,24392,21058,19218,23654,22565,23899,24776,24184,25290,24742,22248,24324,24380,21704,19912,23511,22642,23659,24620,23728,25328,24329,21701,24167,24390,21083,19093
00:20:32,25.1,22485,21699,22867,24669,24047,25272,23665,21790,23874,24234,20823,19020,23622,22516,23855,24632,24028,25033,24529,22069,24188,24276,21429,19704,23379,22534,23567,24520,23621,25147,24141,21479,24000,24245,20882,18935
00:21:32,25.1,22318,21623,22609,24540,23994,25147,23513,21695,23786,24161,20594,18817,23625,22496,23775,24569,23906,24926,24401,21941,24042,24117,21276,19539,23275,22458,23365,24348,23545,25105,23982,21355,23839,24122,20694,18714
00:22:32,25.1,22121,21465,22361,24395,23884,24996,23395,21484,23713,24078,20443,18599,23483,22424,23754,24407,23780,24819,24214,21814,23849,24003,21080,19346,22939,22266,23234,24319,23381,25005,23851,21228,23680,24102,20483,18539
00:23:32,25.1,21978,21299,21958,24298,23804,24931,23273,21377,23569,23959,20216,18488,23394,22391,23633,24215,23588,24682,24073,21646,23686,23972,20932,19228,22704,22082,23121,24265,23306,24876,23635,21075,23612,24012,20359,18420
00:24:32,25.1,21699,21170,21577,24185,23659,24869,23131,21296,23448,23930,20041,18231,23266,22305,23565,24120,23506,24627,23934,21475,23570,23869,20699,19071,22478,21960,22891,24062,23142,24824,23543,20914,23412,23936,20196,18312
00:25:32,25.1,21328,21001,20947,24104,23696,24734,23117,21185,23309,23784,19903,18104,23082,22073,23462,24034,23360,24374,23754,21321,23368,23760,20538,18939,22119,21756,22658,24100,23028,24774,23406,20812,23288,23856,19968,18130
00:26:32,25.1,20842,20788,20145,24042,23553,24738,23166,21163,23187,23743,19629,17951,22881,21994,23411,23958,23280,24439,23643,21115,23221,23719,20415,18766,21814,21588,22410,23996,23005,24680,23293,20707,23165,23883,19929,17983
00:27:32,25.1,20240,20429,19288,23985,23393,24630,23026,20985,23153,23779,19565,17812,22687,21871,23197,23899,23200,24370,23569,21001,23159,23723,20302,18625,21567,21434,22151,23943,22893,24689,23157,20573,22995,23801,19754,17909
00:28:32,25.1,19598,20102,18517,23871,23443,24606,22891,20892,23063,23641,19379,17640,22435,21728,22997,23805,23046,24203,23382,20967,23024,23605,20165,18530,21108,21207,21744,23930,22783,24712,22986,20437,22943,23691,19686,17804
00:29:32,25.1,18996,19620,18054,23820,23408,24576,22740,20829,23069,23678,19256,17522,22124,21509,22867,23775,23058,24161,23336,20804,22926,23531,20002,18429,20890,21040,21240,23886,22711,24706,22882,20321,22786,23682,19511,17662
00:30:32,25.1,18550,19040,17960,23786,23348,24589,22612,20755,22974,23622,19081,17392,21796,21356,22752,23719,22943,24099,23128,20701,22802,23462,19944,18263,20881,20794,20798,23866,22696,24600,22875,20305,22716,23641,19428,17565
00:31:32,25.1,18430,18409,18014,23839,23322,24605,22567,20714,22987,23600,18932,17327,21346,21210,22577,23728,22887,23970,23098,20544,22769,23442,19812,18206,20767,20551,20450,23897,22609,24588,22683,20176,22730,23537,19267,17553
00:32:32,25.1,18466,17800,18096,23824,23358,24603,22296,20644,22813,23601,18822,17164,20898,21050,22374,23712,22849,23957,22926,20486,22590,23472,19642,18037,20689,20155,20144,23757,22581,24546,22592,20080,22559,23526,19105,17379
00:33:32,25.1,18601,17247,18218,23884,23367,24652,22262,20450,22772,23594,18726,17083,20666,20724,22088,23655,22693,23838,22869,20405,22588,23411,19565,17986,20670,19811,20054,23714,22594,24510,22539,19968,22498,23403,19016,17299
00:34:32,25.1,18812,16875,18373,24068,23383,24668,22074,20297,22572,23581,18537,16963,20519,20366,21678,23711,22623,23808,22757,20229,22404,23364,19492,17862,20664,19457,19969,23634,22484,24466,22522,19948,22411,23405,18973,17221
00:35:32,25.1,18924,16698,18459,24041,23362,24728,21895,20153,22498,23586,18485,16838,20500,19817,21211,23760,22584,23792,22656,20190,22441,23407,19408,17795,20653,19090,19993,23597,22522,24474,22404,19788,22356,23364,18855,17105
00:36:32,25.1,19020,16718,18587,23969,23298,24712,21765,20002,22305,23636,18347,16790,20489,19321,20724,23714,22564,23779,22614,20098,22329,23390,19245,17680,20587,18745,19953,23627,22514,24405,22350,19678,22236,23395,18695,17048
00:37:32,25.1,19127,16780,18540,23899,23297,24692,21607,19895,22188,23549,18265,16736,20413,18873,20245,23705,22513,23885,22495,19957,22259,23312,19122,17579,20539,18403,19792,23469,22555,24289,22257,19578,22130,23337,18587,16901
00:38:32,25.1,19110,16898,18551,23903,23286,24683,21415,19769,22054,23596,18175,16518,20320,18410,19838,23639,22604,23857,22441,19879,22124,23298,19016,17471,20533,18148,19686,23462,22459,24316,22177,19461,22090,23376,18511,16811
00:39:32,25.1,19036,16999,18480,23935,23320,24732,21272,19556,21903,23539,18050,16466,20247,18153,19607,23623,22631,23861,22349,19845,22006,23289,18940,17366,20446,18010,19618,23395,22508,24296,22084,19365,21927,23331,18420,16730
00:40:32,25.1,19024,17097,18513,23888,23234,24637,21095,19453,21773,23407,17937,16349,20107,17939,19432,23551,22756,23939,22168,19745,21884,23300,18842,17318,20325,17952,19532,23446,22472,24223,22016,19284,21883,23266,18322,16669
00:41:32,25.1,18950,17245,18462,23747,23206,24593,20895,19292,21604,23440,17892,16260,20002,17789,19343,23501,22762,23959,22013,19587,21707,23234,18702,17209,20136,17878,19380,23345,22450,24170,21828,19086,21668,23264,18133,16548
00:42:32,25.1,18854,17305,18492,23823,23194,24680,20836,19208,21535,23475,17778,16187,19872,17766,19326,23484,22727,24026,21914,19508,21583,23244,18715,17133,20097,17815,19389,23361,22467,24119,21745,19044,21595,23319,18133,16536
00:43:32,25.1,18704,17338,18396,23741,23144,24563,20714,19118,21355,23385,17639,16067,19758,17715,19307,23438,22723,23904,21712,19382,21341,23204,18582,17037,19953,17755,19247,23281,22399,24108,21631,18944,21477,23195,17964,16413
00:44:32,25.1,18537,17311,18329,23696,23114,24452,20600,18975,21275,23439,17536,16036,19619,17712,19278,23411,22709,23981,21510,19259,21289,23274,18456,16950,19766,17643,19085,23182,22372,24074,21462,18732,21285,23247,17873,16350
00:45:32,25.1,18388,17336,18318,23642,23047,24432,20514,18855,21092,23421,17467,15985,19512,17728,19326,23381,22700,23926,21387,19213,21153,23094,18355,16855,19637,17584,18969,23149,22325,23997,21370,18698,21167,23170,17760,16275
00:46:32,25.1,18306,17272,18206,23599,23048,24392,20445,18719,20953,23296,17395,15848,19344,17677,19229,23293,22693,23957,21286,19012,20988,23115,18346,16802,19414,17492,18813,23129,22347,23981,21256,18578,21009,23129,17675,16166
00:47:32,25.1,18113,17231,18110,23520,22954,24351,20298,18616,20812,23321,17253,15780,19089,17576,19170,23277,22549,23832,21107,18849,20816,23082,18264,16741,19159,17384,18678,23081,22287,23916,21130,18460,20923,23164,17552,16044
00:48:32,25.1,18036,17157,17987,23484,23003,24361,20193,18503,20719,23313,17244,15721,18867,17514,19174,23246,22637,23818,20966,18746,20749,23012,18150,16699,18898,17259,18576,23073,22287,23878,20989,18387,20714,23103,17478,16031
00:49:32,25.1,17899,17018,17948,23505,22896,24262,20168,18411,20662,23251,17146,15581,18670,17439,19138,23157,22601,23796,20897,18675,20667,23084,18106,16585,18770,17171,18480,22950,22292,23883,20885,18278,20665,23087,17329,15948
00:50:32,25.1,17786,16968,17800,23334,22856,24269,20018,18307,20608,23237,17013,15600,18497,17389,18964,23106,22610,23811,20715,18480,20490,23069,18003,16533,18674,17111,18300,22907,22282,23830,20720,18123,20534,23029,17233,15886
00:51:32,25.1,17714,16943,17725,23385,22983,24260,20062,18230,20465,23230,16939,15491,18362,17337,18955,23148,22586,23753,20687,18417,20519,22988,17906,16509,18526,17005,18187,22944,22247,23812,20662,18081,20490,23034,17155,15806
00:52:32,25.2,17616,16827,17583,23324,22861,24161,19899,18149,20377,23254,16905,15409,18159,17281,18807,23100,22597,23813,20547,18320,20402,22968,17855,16434,18279,16875,18185,22878,22208,23736,20550,17995,20392,23011,17064,15637
00:53:32,25.2,17490,16739,17498,23349,22802,24137,19855,18070,20326,23237,16814,15354,18040,17161,18732,23067,22505,23661,20471,18206,20338,23072,17762,16407,18185,16813,18169,22842,22194,23781,20437,17848,20259,23008,16967,15623
00:54:32,25.2,17408,16644,17384,23263,22785,24109,19867,17956,20260,23151,16716,15299,17972,17097,18674,23059,22487,23705,20396,18095,20288,22936,17641,16260,18182,16721,18011,22788,22132,23769,20329,17858,20186,22954,16861,15599
00:55:32,25.2,17255,16545,17263,23211,22795,24100,19729,17949,20186,23223,16683,15204,17885,17043,18528,23056,22525,23724,20359,18049,20216,22975,17626,16268,18024,16658,17991,22734,22186,23710,20230,17721,20154,22994,16789,15420
00:56:32,25.2,17123,16407,17145,23137,22766,24094,19727,17907,20086,23118,16487,15132,17677,16934,18394,22982,22436,23672,20285,17960,20229,22877,17570,16183,17849,16568,17881,22723,22106,23658,20189,17662,20129,22906,16677,15357
00:57:32,25.2,16978,16301,17011,23216,22723,24046,19617,17821,20037,23070,16437,15009,17481,16822,18285,22967,22449,23691,20232,17851,20102,22925,17470,16107,17732,16498,17746,22682,22063,23618,20070,17552,19971,22890,16583,15275
00:58:32,25.2,16835,16249,16819,23122,22646,24026,19513,17731,19992,23082,16359,14966,17416,16690,18153,22912,22455,23550,20134,17856,20030,22843,17398,16046,17511,16399,17632,22645,22013,23596,20005,17550,19901,22907,16461,15107
00:59:32,25.2,16677,16116,16679,23134,22678,23964,19514,17719,19955,23057,16297,14890,17333,16602,17911,22871,22369,23535,20155,17798,20015,22842,17242,15998,17359,16328,17488,22622,22036,23633,19924,17438,19915,22855,16360,15042
01:00:32,25.1,16512,16066,16551,23094,22608,23943,19468,17715,19894,23087,16234,14790,17147,16502,17860,22789,22355,23531,20008,17650,19941,22848,17217,15871,17176,16165,17385,22529,22032,23505,19842,17390,19838,22883,16306,15003
01:01:32,25.2,16390,15903,16408,23025,22642,23935,19393,17563,19840,23008,16108,14719,16980,16352,17686,22805,22333,23521,20081,17569,19869,22844,17079,15805,17028,16073,17221,22557,22006,23510,19820,17305,19844,22840,16185,14880
01:02:32,25.2,16248,15868,16296,22951,22561,23891,19296,17602,19783,23016,16025,14691,16815,16271,17588,22752,22290,23414,19990,17615,19900,22846,17090,15781,16825,15931,17128,22537,21949,23504,19787,17279,19769,22796,16119,14748
01:03:32,25.2,16015,15725,16152,22916,22497,23848,19229,17526,19681,23018,15913,14583,16677,16066,17399,22742,22214,23405,19969,17499,19831,22778,17017,15686,16687,15855,16961,22400,21965,23479,19672,17211,19644,22820,16058,14630
01:04:32,25.2,15919,15614,15987,22924,22497,23877,19181,17504,19760,23071,15872,14520,16488,16024,17284,22716,22247,23408,19928,17475,19770,22779,16941,15595,16515,15733,16889,22407,21923,23412,19624,17150,19687,22798,15980,14561
01:05:32,25.2,15710,15456,15841,22872,22418,23767,19124,17431,19663,22975,15739,14385,16323,15868,17104,22653,22217,23314,19816,17395,19672,22737,16822,15516,16365,15584,16686,22344,21936,23366,19529,17109,19551,22717,15842,14409
01:06:32,25.2,15636,15371,15739,22893,22463,23800,19104,17355,19619,22932,15724,14328,16111,15764,17028,22676,22193,23297,19762,17361,19643,22770,16734,15502,16191,15398,16567,22351,21871,23376,19538,17051,19512,22788,15803,14327
01:07:32,25.2,15509,15215,15582,22796,22358,23780,19046,17400,19547,22980,15597,14233,15955,15639,16856,22597,22143,23311,19742,17372,19641,22757,16659,15382,15992,15275,16400,22311,21893,23336,19431,17037,19455,22742,15782,14172
01:08:32,25.2,15346,15123,15464,22800,22361,23639,18984,17274,19507,22943,15522,14177,15818,15525,16657,22527,22118,23200,19747,17308,19554,22778,16484,15307,15814,15165,16225,22191,21826,23373,19389,16948,19426,22695,15670,14107
01:09:32,25.2,15192,15006,15284,22752,22353,23695,18940,17297,19492,22931,15437,14071,15651,15369,16553,22586,22139,23229,19685,17232,19559,22743,16439,15194,15679,15029,16146,22222,21846,23240,19356,16845,19337,22737,15619,14061
01:10:32,25.2,15060,14906,15215,22692,22317,23706,18882,17285,19430,22855,15350,14006,15447,15223,16424,22433,22150,23243,19627,17214,19526,22734,16338,15180,15479,14879,15990,22153,21823,23267,19293,16841,19357,22658,15576,13972
01:11:32,25.2,14932,14771,15077,22682,22327,23743,18815,17206,19361,22964,15285,13940,15308,15107,16270,22365,22066,23215,19665,17166,19464,22617,16256,15095,15394,14767,15840,22157,21780,23246,19272,16770,19271,22669,15453,13862
01:12:32,25.2,14759,14628,14952,22602,22254,23625,18756,17125,19344,22879,15218,13843,15164,15013,16140,22405,22096,23190,19541,17078,19465,22649,16212,14986,15214,14594,15689,22158,21802,23213,19151,16727,19179,22674,15408,13748
01:13:32,25.2,14626,14545,14779,22640,22273,23653,18759,17147,19311,22899,15155,13797,15007,14919,15965,22391,22079,23192,19506,17110,19400,22693,16077,14881,15081,14455,15561,22016,21760,23214,19186,16721,19175,22679,15388,13706
01:14:32,25.2,14534,14375,14725,22609,22271,23632,18651,17062,19184,22820,15099,13703,14899,14750,15851,22269,22072,23078,19516,17067,19297,22708,16006,14782,14947,14342,15418,22019,21675,23089,19127,16708,19131,22706,15356,13627
01:15:32,25.2,14371,14281,14498,22526,22170,23514,18553,17046,19160,22890,15024,13603,14708,14612,15704,22228,21894,23137,19433,16952,19316,22593,15852,14680,14790,14211,15250,21981,21727,23082,19069,16656,19059,22611,15252,13499
01:16:32,25.2,14273,14202,14444,22474,22222,23522,18544,16996,19170,22847,14929,13527,14606,14485,15597,22186,21938,23124,19342,16966,19234,22615,15809,14595,14645,14058,15101,21864,21729,23055,19033,16590,19033,22577,15252,13463
01:17:32,25.2,14122,14069,14336,22420,22137,23488,18436,17002,19162,22853,14865,13454,14439,14354,15421,22172,21959,23094,19296,16918,19204,22586,15773,14525,14488,13881,14934,21917,21716,22988,18883,16524,18960,22594,15251,13460
01:18:32,25.2,14060,13931,14192,22471,22162,23467,18394,16923,19097,22836,14882,13347,14331,14198,15290,22181,21938,23072,19254,16836,19176,22620,15674,14442,14383,13796,14890,21867,21654,23051,18895,16471,18880,22657,15201,13356
01:19:32,25.2,13916,13823,14121,22407,22117,23407,18408,16900,19074,22779,14820,13297,14233,14128,15157,22106,21907,22988,19281,16846,19146,22589,15624,14287,14254,13696,14741,21858,21613,22976,18836,16459,18927,22669,15155,13354
01:20:32,25.2,13783,13706,13959,22425,22158,23397,18342,16824,19025,22799,14749,13219,14124,13950,15022,22064,21886,23022,19190,16765,19103,22584,15530,14203,14153,13522,14593,21778,21638,22972,18795,16421,18846,22605,15159,13265
01:21:32,25.2,13673,13601,13921,22377,22096,23461,18306,16821,18938,22798,14732,13196,13986,13837,14874,22037,21905,22995,19175,16754,19056,22596,15516,14164,14052,13419,14471,21790,21565,23053,18739,16359,18812,22598,15129,13256
01:22:32,25.2,13563,13452,13727,22361,22048,23403,18213,16801,18929,22832,14718,13107,13897,13743,14804,21940,21900,22922,19105,16738,19051,22653,15413,14029,13916,13300,14324,21684,21546,22877,18716,16289,18745,22629,15138,13189
01:23:32,25.2,13479,13342,13661,22356,22063,23351,18136,16697,18872,22837,14643,13068,13767,13609,14594,21946,21847,22938,19070,16716,18979,22631,15320,13994,13771,13196,14229,21661,21556,22970,18677,16306,18717,22625,15101,13185
01:24:32,25.2,13332,13259,13538,22303,22072,23317,18075,16637,18810,22698,14616,12998,13659,13454,14516,21836,21768,22853,19004,16594,18942,22541,15277,13916,13705,13059,14107,21639,21528,22912,18631,16200,18648,22653,14994,13137
01:25:32,25.2,13230,13133,13402,22320,22033,23311,18102,16601,18842,22746,14593,12967,13528,13358,14379,21856,21774,22889,18975,16602,18856,22610,15214,13855,13570,12930,13970,21630,21591,22836,18514,16164,18586,22545,15028,13133
01:26:32,25.2,13132,13046,13298,22310,22018,23277,18006,16598,18746,22742,14536,12917,13426,13205,14273,21882,21673,22855,18917,16534,18816,22550,15171,13734,13502,12808,13866,21581,21506,22817,18509,16108,18554,22549,15041,13101
01:27:32,25.2,13040,12960,13232,22239,22018,23253,17956,16565,18779,22784,14512,12892,13294,13154,14112,21780,21759,22881,18881,16526,18798,22612,15147,13682,13378,12723,13721,21506,21519,22791,18459,16016,18462,22561,15059,13070
01:28:32,25.2,12956,12832,13122,22178,21946,23271,17873,16529,18658,22747,14517,12862,13233,13025,14048,21754,21756,22822,18869,16477,18689,22559,15090,13586,13269,12586,13654,21449,21492,22799,18350,16028,18446,22485,15023,13096
01:29:32,25.2,12839,12705,13017,22131,21884,23154,17819,16498,18609,22752,14513,12802,13149,12931,13930,21687,21673,22845,18805,16418,18687,22557,15066,13580,13206,12504,13553,21435,21478,22805,18379,15972,18455,22485,15023,13082
01:30:32,25.2,12747,12595,13012,22062,21881,23209,17811,16461,18586,22745,14482,12798,13052,12836,13825,21641,21624,22795,18741,16459,18694,22539,15003,13456,13105,12430,13455,21387,21435,22715,18313,15951,18342,22449,15008,13056
01:31:32,25.2,12712,12514,12864,22067,21887,23135,17802,16412,18585,22732,14458,12755,12950,12749,13743,21653,21695,22783,18703,16380,18632,22522,14979,13401,13023,12285,13352,21433,21433,22758,18302,15936,18334,22476,14988,13013
01:32:32,25.2,12583,12425,12781,22094,21905,23103,17712,16441,18507,22744,14463,12732,12906,12636,13529,21617,21609,22760,18664,16384,18649,22514,14946,13380,12937,12179,13242,21374,21424,22649,18219,15813,18253,22463,14959,13036
01:33:32,25.2,12491,12338,12693,22091,21834,23130,17634,16407,18515,22794,14441,12751,12823,12520,13487,21533,21678,22707,18672,16348,18559,22540,14958,13318,12868,12154,13172,21326,21406,22697,18141,15820,18268,22530,14936,13011
01:34:32,25.2,12410,12272,12628,21970,21849,23122,17580,16325,18417,22671,14451,12699,12712,12370,13351,21461,21621,22767,18570,16247,18499,22459,14934,13252,12769,11998,13087,21284,21459,22553,18065,15746,18170,22498,14934,13033
01:35:32,25.2,12313,12111,12553,21926,21822,23097,17534,16315,18367,22705,14429,12684,12611,12333,13234,21418,21590,22713,18528,16218,18460,22488,14860,13190,12682,11958,12985,21249,21351,22578,18046,15727,18125,22471,14966,13014
01:36:32,25.2,12262,12067,12466,21990,21824,23044,17512,16247,18303,22688,14418,12666,12555,12239,13174,21418,21563,22697,18470,16222,18420,22486,14915,13221,12628,11883,12867,21246,21360,22509,18024,15703,18087,22476,14964,12992
01:37:32,25.2,12211,11989,12376,21987,21746,23084,17502,16247,18282,22624,14382,12617,12538,12119,13075,21444,21524,22633,18430,16155,18329,22456,14851,13161,12548,11765,12832,21216,21339,22587,17937,15665,18028,22471,14883,12967
01:38:32,25.2,12119,11831,12332,21869,21747,23069,17354,16186,18265,22632,14358,12610,12412,12067,13001,21325,21513,22685,18352,16122,18308,22519,14900,13130,12504,11651,12737,21143,21318,22512,17942,15666,17949,22466,14894,12990
01:39:32,25.2,12034,11765,12186,21859,21697,23032,17368,16182,18230,22666,14358,12584,12357,11944,12898,21285,21524,22601,18323,16149,18281,22449,14838,13103,12396,11563,12611,21024,21322,22516,17886,15577,17922,22406,14860,12974
01:40:32,25.2,11945,11652,12130,21795,21658,23008,17350,16134,18193,22650,14333,12544,12260,11875,12800,21234,21489,22530,18269,16098,18188,22441,14823,13101,12320,11475,12566,20991,21254,22380,17833,15510,17911,22418,14849,12910
01:41:32,25.2,11870,11596,12091,21814,21687,22907,17295,16059,18143,22643,14273,12494,12241,11786,12747,21207,21489,22559,18201,16012,18196,22440,14834,13027,12298,11407,12473,21045,21270,22449,17730,15479,17873,22466,14861,12916
01:42:32,25.2,11835,11514,11982,21756,21688,22929,17195,16047,18049,22678,14263,12487,12195,11705,12584,21176,21448,22548,18216,15985,18131,22405,14830,13073,12225,11368,12394,21004,21237,22436,17738,15461,17833,22508,14874,12854
01:43:32,25.2,11775,11452,11970,21822,21643,22951,17170,16009,18041,22628,14244,12483,12134,11593,12564,21137,21495,22624,18192,16015,18044,22378,14839,13008,12187,11283,12310,20976,21233,22391,17699,15401,17770,22436,14850,12859
01:44:32,25.2,11747,11377,11889,21804,21630,22915,17124,15997,17986,22690,14229,12388,12089,11545,12521,21114,21371,22611,18129,15959,18023,22445,14824,12996,12153,11252,12283,20908,21292,22445,17621,15385,17703,22461,14825,12860
01:45:32,25.2,11681,11327,11833,21732,21576,22885,17094,15933,17952,22648,14178,12412,12003,11437,12407,21010,21404,22526,18025,15910,18020,22388,14849,12994,12056,11137,12191,20916,21253,22355,17601,15362,17671,22370,14828,12826
01:46:32,25.2,11577,11188,11753,21721,21641,22824,17023,15933,17882,22570,14120,12332,11963,11393,12287,21002,21398,22545,18009,15835,17998,22365,14811,12983,12000,11104,12127,20880,21170,22343,17553,15336,17633,22415,14772,12791
01:47:32,25.2,11582,11148,11713,21653,21603,22856,16979,15918,17894,22638,14101,12261,11926,11323,12292,20957,21396,22459,18006,15872,17941,22383,14857,12950,11954,11009,12108,20785,21160,22348,17513,15303,17636,22439,14792,12761
01:48:32,25.2,11553,11054,11678,21687,21535,22852,16960,15892,17832,22586,14019,12230,11866,11241,12228,20892,21395,22406,17946,15821,17862,22379,14811,12919,11892,10913,12026,20819,21185,22207,17502,15194,17544,22417,14733,12689
01:49:32,25.2,11443,10981,11583,21679,21546,22827,16906,15817,17780,22567,14066,12152,11782,11207,12151,20899,21413,22486,17898,15786,17815,22345,14777,12918,11883,10847,11975,20778,21171,22246,17500,15217,17509,22395,14714,12662
01:50:32,25.2,11417,10934,11515,21636,21533,22773,16877,15786,17787,22605,13951,12096,11757,11102,12057,20802,21332,22477,17903,15730,17902,22370,14783,12875,11824,10819,11905,20698,21143,22182,17405,15152,17470,22403,14688,12629
01:51:32,25.2,11367,10891,11523,21607,21550,22833,16856,15786,17716,22618,13939,12098,11752,11031,12057,20847,21393,22462,17803,15735,17787,22380,14787,12864,11763,10766,11850,20617,21194,22169,17398,15146,17455,22443,14657,12577
01:52:32,25.2,11307,10800,11445,21589,21514,22811,16788,15789,17674,22610,13860,12031,11676,11002,11988,20834,21321,22412,17792,15689,17716,22417,14743,12848,11755,10672,11787,20608,21088,22195,17296,15102,17380,22367,14637,12516
01:53:32,25.2,11296,10732,11383,21614,21483,22755,16773,15731,17652,22622,13832,11989,11617,10872,11911,20782,21338,22390,17756,15659,17705,22378,14706,12814,11672,10646,11726,20649,21122,22184,17291,15048,17385,22399,14622,12487
01:54:32,25.2,11249,10681,11346,21588,21455,22752,16678,15700,17590,22566,13789,11890,11598,10825,11853,20659,21263,22407,17707,15607,17666,22373,14694,12743,11668,10577,11637,20538,21110,22117,17227,15064,17334,22395,14580,12424
01:55:32,25.2,11217,10625,11326,21542,21463,22709,16676,15696,17586,22545,13771,11860,11528,10800,11786,20650,21296,22349,17667,15611,17685,22327,14691,12766,11623,10578,11668,20493,21111,22076,17196,14991,17314,22323,14546,12340
01:56:32,25.2,11136,10571,11239,21486,21395,22669,16620,15670,17533,22523,13680,11809,11559,10736,11753,20553,21177,22341,17620,15552,17614,22304,14624,12710,11535,10488,11557,20502,21067,22044,17125,15012,17206,22418,14445,12317
01:57:32,25.2,11114,10508,11199,21533,21419,22625,16564,15602,17482,22585,13622,11730,11481,10657,11662,20599,21330,22369,17538,15525,17527,22313,14639,12728,11505,10380,11534,20416,21062,22022,17039,14986,17197,22370,14548,12219
01:58:32,25.2,11090,10418,11132,21468,21437,22668,16555,15569,17406,22568,13535,11681,11450,10642,11641,20493,21248,22308,17561,15501,17535,22357,14580,12652,11502,10433,11517,20439,21071,22011,17058,14961,17185,22356,14454,12217
01:59:32,25.2,11044,10390,11162,21451,21317,22617,16512,15553,17396,22551,13512,11622,11393,10569,11564,20546,21249,22250,17425,15500,17432,22371,14561,12672,11470,10330,11430,20357,20998,21924,16997,14856,17135,22412,14376,12140
02:00:32,25.2,10999,10359,11083,21401,21332,22526,16460,15553,17351,22571,13444,11563,11377,10464,11530,20486,21177,22233,17418,15434,17440,22334,14523,12649,11413,10291,11375,20302,21076,21942,16960,14874,17069,22387,14372,12065
,,,,,,,,,,,,,,,,,,,,,,,,,,,,,,,,,,,,,
Results,,,,,,,,,,,,,,,,,,,,,,,,,,,,,,,,,,,,,
,1,2,3,4,5,6,7,8,9,10,11,12,,,,,,,,,,,,,,,,,,,,,,,,,
A,-162500,-163300,-208000,-47800,-52600,-46600,-58700,-71700,-55700,-47500,-95100,-116700,"Max V [sybr:487,528]",,,,,,,,,,,,,,,,,,,,,,,,
,0.995,0.997,0.996,0.999,0.997,0.989,0.998,0.997,0.999,1,0.993,0.997,"R-Squared [sybr:487,528]",,,,,,,,,,,,,,,,,,,,,,,,
,00:28:11,00:32:11,00:27:11,00:07:11,00:03:11,00:10:11,00:08:11,00:06:11,00:05:11,00:05:11,00:03:11,00:02:11,"t at Max V [sybr:487,528]",,,,,,,,,,,,,,,,,,,,,,,,
,00:15:44,00:17:41,00:17:04,00:03:50,00:02:42,00:06:09,00:03:24,00:01:55,00:03:14,00:03:17,00:00:35,?????,"Lagtime [sybr:487,528]",,,,,,,,,,,,,,,,,,,,,,,,
,-590800,-598600,-777900,-182900,-196900,-167700,-248200,-258200,-223900,-189400,-345800,-443300,"Max V [sybr:487,528[2]]",,,,,,,,,,,,,,,,,,,,,,,,
,0.998,1,0.998,0.983,0.998,0.993,0.992,0.999,0.992,0.984,1,0.995,"R-Squared [sybr:487,528[2]]",,,,,,,,,,,,,,,,,,,,,,,,
,00:27:32,00:31:32,00:26:32,00:08:32,00:07:32,00:10:32,00:06:32,00:06:32,00:04:32,00:04:32,00:05:32,00:02:32,"t at Max V [sybr:487,528[2]]",,,,,,,,,,,,,,,,,,,,,,,,
,00:14:53,00:16:50,00:16:53,00:02:02,00:01:36,00:03:49,00:02:23,00:01:29,00:01:58,00:02:30,00:00:32,?????,"Lagtime [sybr:487,528[2]]",,,,,,,,,,,,,,,,,,,,,,,,
B,-103100,-126100,-128100,-46600,-45400,49300,-51100,-63300,-51200,-54800,-80100,-108300,"Max V [sybr:487,528]",,,,,,,,,,,,,,,,,,,,,,,,
,0.99,0.994,0.998,0.992,0.997,0.369,0.996,0.985,0.987,0.987,0.996,0.996,"R-Squared [sybr:487,528]",,,,,,,,,,,,,,,,,,,,,,,,
,00:31:11,00:36:11,00:36:11,00:08:11,00:10:11,00:02:11,00:08:11,00:03:11,00:06:11,00:05:11,00:05:11,00:04:11,"t at Max V [sybr:487,528]",,,,,,,,,,,,,,,,,,,,,,,,
,00:13:58,00:19:37,00:21:56,00:04:15,00:05:55,?????,00:04:55,00:02:00,00:03:14,00:04:31,00:00:54,00:00:36,"Lagtime [sybr:487,528]",,,,,,,,,,,,,,,,,,,,,,,,
,-385200,-485600,-464600,-175500,-178800,-176400,-199500,-242800,-202000,-210500,-308700,-405500,"Max V [sybr:487,528[2]]",,,,,,,,,,,,,,,,,,,,,,,,
,0.992,0.998,0.999,0.995,0.985,0.983,0.994,0.996,0.994,0.971,0.998,1,"R-Squared [sybr:487,528[2]]",,,,,,,,,,,,,,,,,,,,,,,,
,00:30:32,00:36:32,00:36:32,00:06:32,00:11:32,00:06:32,00:08:32,00:03:32,00:04:32,00:05:32,00:04:32,00:04:32,"t at Max V [sybr:487,528[2]]",,,,,,,,,,,,,,,,,,,,,,,,
,00:13:40,00:19:37,00:21:06,00:03:12,00:04:13,00:05:59,00:03:57,00:01:04,00:01:36,00:03:57,00:00:59,00:00:44,"Lagtime [sybr:487,528[2]]",,,,,,,,,,,,,,,,,,,,,,,,
C,-91800,-110100,-115100,-54600,-56400,-57800,-57100,-66600,-63900,-62500,-88900,-134400,"Max V [sybr:487,528]",,,,,,,,,,,,,,,,,,,,,,,,
,0.994,0.996,0.999,0.995,0.985,0.993,0.973,0.999,0.98,0.968,0.999,0.999,"R-Squared [sybr:487,528]",,,,,,,,,,,,,,,,,,,,,,,,
,00:06:11,00:03:11,00:30:11,00:05:11,00:05:11,00:05:11,00:05:11,00:03:11,00:05:11,00:04:11,00:06:11,00:03:11,"t at Max V [sybr:487,528]",,,,,,,,,,,,,,,,,,,,,,,,
,00:02:51,00:00:46,00:15:45,00:03:24,00:03:50,00:03:28,00:01:44,00:00:24,00:02:45,00:01:31,00:00:41,00:00:31,"Lagtime [sybr:487,528]",,,,,,,,,,,,,,,,,,,,,,,,
,-329600,-403700,-434800,-207200,-213100,-222400,-200600,-252100,-214800,-225800,-357600,-497300,"Max V [sybr:487,528[2]]",,,,,,,,,,,,,,,,,,,,,,,,
,0.993,0.992,0.997,0.97,0.998,0.987,0.995,0.992,0.985,0.997,0.998,0.997,"R-Squared [sybr:487,528[2]]",,,,,,,,,,,,,,,,,,,,,,,,
,00:06:32,00:02:32,00:29:32,00:04:32,00:07:32,00:05:32,00:03:32,00:04:32,00:04:32,00:04:32,00:04:32,00:03:32,"t at Max V [sybr:487,528[2]]",,,,,,,,,,,,,,,,,,,,,,,,
,00:02:02,00:00:37,00:15:02,00:02:26,00:03:17,00:02:31,00:01:12,?????,00:01:53,00:01:25,00:01:00,00:00:39,"Lagtime [sybr:487,528[2]]",,,,,,,,,,,,,,,,,,,,,,,,
D,,,,,,,,,,,,,"Max V [sybr:487,528]",,,,,,,,,,,,,,,,,,,,,,,,
,,,,,,,,,,,,,"R-Squared [sybr:487,528]",,,,,,,,,,,,,,,,,,,,,,,,
,,,,,,,,,,,,,"t at Max V [sybr:487,528]",,,,,,,,,,,,,,,,,,,,,,,,
,,,,,,,,,,,,,"Lagtime [sybr:487,528]",,,,,,,,,,,,,,,,,,,,,,,,
,,,,,,,,,,,,,"Max V [sybr:487,528[2]]",,,,,,,,,,,,,,,,,,,,,,,,
,,,,,,,,,,,,,"R-Squared [sybr:487,528[2]]",,,,,,,,,,,,,,,,,,,,,,,,
,,,,,,,,,,,,,"t at Max V [sybr:487,528[2]]",,,,,,,,,,,,,,,,,,,,,,,,
,,,,,,,,,,,,,"Lagtime [sybr:487,528[2]]",,,,,,,,,,,,,,,,,,,,,,,,
E,,,,,,,,,,,,,"Max V [sybr:487,528]",,,,,,,,,,,,,,,,,,,,,,,,
,,,,,,,,,,,,,"R-Squared [sybr:487,528]",,,,,,,,,,,,,,,,,,,,,,,,
,,,,,,,,,,,,,"t at Max V [sybr:487,528]",,,,,,,,,,,,,,,,,,,,,,,,
,,,,,,,,,,,,,"Lagtime [sybr:487,528]",,,,,,,,,,,,,,,,,,,,,,,,
,,,,,,,,,,,,,"Max V [sybr:487,528[2]]",,,,,,,,,,,,,,,,,,,,,,,,
,,,,,,,,,,,,,"R-Squared [sybr:487,528[2]]",,,,,,,,,,,,,,,,,,,,,,,,
,,,,,,,,,,,,,"t at Max V [sybr:487,528[2]]",,,,,,,,,,,,,,,,,,,,,,,,
,,,,,,,,,,,,,"Lagtime [sybr:487,528[2]]",,,,,,,,,,,,,,,,,,,,,,,,
F,,,,,,,,,,,,,"Max V [sybr:487,528]",,,,,,,,,,,,,,,,,,,,,,,,
,,,,,,,,,,,,,"R-Squared [sybr:487,528]",,,,,,,,,,,,,,,,,,,,,,,,
,,,,,,,,,,,,,"t at Max V [sybr:487,528]",,,,,,,,,,,,,,,,,,,,,,,,
,,,,,,,,,,,,,"Lagtime [sybr:487,528]",,,,,,,,,,,,,,,,,,,,,,,,
,,,,,,,,,,,,,"Max V [sybr:487,528[2]]",,,,,,,,,,,,,,,,,,,,,,,,
,,,,,,,,,,,,,"R-Squared [sybr:487,528[2]]",,,,,,,,,,,,,,,,,,,,,,,,
,,,,,,,,,,,,,"t at Max V [sybr:487,528[2]]",,,,,,,,,,,,,,,,,,,,,,,,
,,,,,,,,,,,,,"Lagtime [sybr:487,528[2]]",,,,,,,,,,,,,,,,,,,,,,,,
G,,,,,,,,,,,,,"Max V [sybr:487,528]",,,,,,,,,,,,,,,,,,,,,,,,
,,,,,,,,,,,,,"R-Squared [sybr:487,528]",,,,,,,,,,,,,,,,,,,,,,,,
,,,,,,,,,,,,,"t at Max V [sybr:487,528]",,,,,,,,,,,,,,,,,,,,,,,,
,,,,,,,,,,,,,"Lagtime [sybr:487,528]",,,,,,,,,,,,,,,,,,,,,,,,
,,,,,,,,,,,,,"Max V [sybr:487,528[2]]",,,,,,,,,,,,,,,,,,,,,,,,
,,,,,,,,,,,,,"R-Squared [sybr:487,528[2]]",,,,,,,,,,,,,,,,,,,,,,,,
,,,,,,,,,,,,,"t at Max V [sybr:487,528[2]]",,,,,,,,,,,,,,,,,,,,,,,,
,,,,,,,,,,,,,"Lagtime [sybr:487,528[2]]",,,,,,,,,,,,,,,,,,,,,,,,
H,,,,,,,,,,,,,"Max V [sybr:487,528]",,,,,,,,,,,,,,,,,,,,,,,,
,,,,,,,,,,,,,"R-Squared [sybr:487,528]",,,,,,,,,,,,,,,,,,,,,,,,
,,,,,,,,,,,,,"t at Max V [sybr:487,528]",,,,,,,,,,,,,,,,,,,,,,,,
,,,,,,,,,,,,,"Lagtime [sybr:487,528]",,,,,,,,,,,,,,,,,,,,,,,,
,,,,,,,,,,,,,"Max V [sybr:487,528[2]]",,,,,,,,,,,,,,,,,,,,,,,,
,,,,,,,,,,,,,"R-Squared [sybr:487,528[2]]",,,,,,,,,,,,,,,,,,,,,,,,
,,,,,,,,,,,,,"t at Max V [sybr:487,528[2]]",,,,,,,,,,,,,,,,,,,,,,,,
,,,,,,,,,,,,,"Lagtime [sybr:487,528[2]]",,,,,,,,,,,,,,,,,,,,,,,,